,training
0,0
1,3
2,0
3,7
4,1
5,4
6,8
7,8
8,2
9,6
10,8
11,1
12,1
13,5
14,0
15,3
16,7
17,2
18,5
19,6
20,4
21,6
22,9
23,0
24,5
25,0
26,3
27,2
28,8
29,6
30,9
31,1
32,2
33,8
34,0
35,0
36,8
37,0
38,0
39,6
40,0
41,7
42,5
43,8
44,4
45,0
46,5
47,9
48,0
49,7
50,3
51,9
52,2
53,2
54,9
55,1
56,6
57,3
58,2
59,1
60,8
61,0
62,1
63,6
64,7
65,7
66,2
67,4
68,9
69,9
70,1
71,2
72,1
73,9
74,0
75,9
76,8
77,2
78,7
79,5
80,2
81,0
82,0
83,7
84,4
85,8
86,7
87,3
88,9
89,0
90,2
91,2
92,3
93,4
94,9
95,5
96,3
97,8
98,2
99,8
100,5
101,2
102,8
103,0
104,0
105,8
106,0
107,7
108,1
109,8
110,6
111,2
112,1
113,0
114,5
115,5
116,8
117,1
118,8
119,3
120,8
121,0
122,5
123,6
124,5
125,3
126,5
127,5
128,5
129,0
130,4
131,9
132,8
133,6
134,4
135,8
136,7
137,4
138,4
139,1
140,5
141,7
142,8
143,7
144,3
145,8
146,2
147,4
148,1
149,2
150,1
151,0
152,4
153,6
154,3
155,6
156,8
157,1
158,3
159,2
160,8
161,3
162,3
163,8
164,3
165,4
166,2
167,8
168,3
169,0
170,3
171,2
172,4
173,5
174,0
175,7
176,4
177,4
178,5
179,6
180,8
181,6
182,8
183,7
184,1
185,2
186,3
187,8
188,3
189,2
190,5
191,7
192,0
193,5
194,9
195,1
196,0
197,3
198,6
199,1
200,0
201,4
202,9
203,2
204,8
205,7
206,8
207,3
208,3
209,0
210,4
211,7
212,3
213,3
214,3
215,3
216,1
217,0
218,4
219,3
220,0
221,8
222,3
223,0
224,2
225,0
226,6
227,3
228,3
229,3
230,5
231,5
232,5
233,5
234,4
235,9
236,4
237,5
238,4
239,9
240,0
241,0
242,2
243,2
244,2
245,1
246,9
247,4
248,0
249,1
250,1
251,7
252,5
253,6
254,8
255,2
256,8
257,4
258,8
259,4
260,8
261,0
262,5
263,3
264,0
265,4
266,8
267,3
268,8
269,9
270,6
271,5
272,0
273,4
274,5
275,4
276,3
277,1
278,6
279,5
280,2
281,8
282,8
283,9
284,3
285,6
286,4
287,6
288,4
289,7
290,1
291,2
292,2
293,2
294,3
295,2
296,2
297,9
298,9
299,1
300,5
301,2
302,2
303,9
304,8
305,3
306,6
307,9
308,2
309,0
310,1
311,0
312,7
313,2
314,9
315,7
316,5
317,4
318,6
319,3
320,7
321,8
322,6
323,5
324,4
325,7
326,0
327,4
328,1
329,5
330,0
331,9
332,6
333,5
334,6
335,0
336,1
337,6
338,8
339,2
340,5
341,1
342,2
343,0
344,7
345,4
346,2
347,4
348,4
349,6
350,5
351,2
352,9
353,4
354,3
355,8
356,2
357,3
358,5
359,7
360,3
361,8
362,4
363,1
364,2
365,8
366,5
367,7
368,0
369,0
370,2
371,6
372,8
373,4
374,7
375,6
376,1
377,6
378,8
379,2
380,9
381,6
382,5
383,0
384,8
385,5
386,9
387,1
388,5
389,9
390,9
391,3
392,5
393,7
394,6
395,3
396,4
397,0
398,4
399,1
400,8
401,8
402,6
403,6
404,7
405,2
406,8
407,2
408,3
409,2
410,9
411,6
412,8
413,2
414,5
415,4
416,2
417,2
418,7
419,3
420,8
421,2
422,4
423,5
424,8
425,9
426,6
427,3
428,4
429,2
430,9
431,4
432,2
433,6
434,0
435,9
436,5
437,5
438,4
439,0
440,9
441,0
442,2
443,8
444,8
445,8
446,0
447,4
448,0
449,0
450,1
451,3
452,8
453,7
454,1
455,9
456,6
457,4
458,7
459,1
460,3
461,3
462,7
463,9
464,9
465,4
466,5
467,3
468,6
469,8
470,3
471,4
472,3
473,0
474,5
475,2
476,4
477,9
478,2
479,0
480,8
481,0
482,8
483,1
484,1
485,2
486,4
487,4
488,7
489,8
490,3
491,5
492,5
493,4
494,4
495,4
496,2
497,0
498,6
499,5
500,8
501,6
502,8
503,9
504,8
505,3
506,4
507,4
508,8
509,2
510,4
511,5
512,6
513,0
514,5
515,9
516,1
517,2
518,7
519,8
520,9
521,5
522,2
523,4
524,1
525,6
526,7
527,2
528,6
529,2
530,5
531,6
532,7
533,3
534,5
535,5
536,1
537,6
538,2
539,5
540,6
541,5
542,7
543,3
544,3
545,7
546,0
547,5
548,9
549,8
550,8
551,5
552,2
553,8
554,2
555,0
556,2
557,3
558,6
559,7
560,6
561,4
562,3
563,6
564,8
565,8
566,8
567,2
568,7
569,7
570,4
571,3
572,1
573,4
574,0
575,4
576,0
577,7
578,8
579,4
580,9
581,7
582,7
583,3
584,3
585,2
586,4
587,1
588,3
589,2
590,0
591,9
592,7
593,3
594,7
595,3
596,2
597,9
598,5
599,2
600,2
601,9
602,6
603,5
604,0
605,8
606,5
607,2
608,5
609,4
610,2
611,9
612,5
613,9
614,4
615,5
616,3
617,1
618,2
619,9
620,3
621,5
622,3
623,4
624,3
625,6
626,5
627,2
628,0
629,7
630,4
631,9
632,4
633,8
634,4
635,8
636,9
637,7
638,2
639,0
640,8
641,3
642,0
643,3
644,7
645,7
646,0
647,7
648,7
649,3
650,7
651,6
652,4
653,9
654,8
655,9
656,7
657,2
658,1
659,6
660,7
661,8
662,4
663,4
664,8
665,9
666,9
667,6
668,9
669,8
670,3
671,0
672,3
673,6
674,0
675,9
676,9
677,2
678,0
679,6
680,0
681,8
682,5
683,3
684,5
685,0
686,9
687,7
688,2
689,4
690,2
691,5
692,7
693,9
694,6
695,4
696,7
697,2
698,0
699,8
700,1
701,7
702,9
703,9
704,8
705,3
706,5
707,8
708,2
709,3
710,8
711,7
712,0
713,5
714,7
715,8
716,7
717,9
718,3
719,7
720,9
721,7
722,6
723,3
724,3
725,4
726,6
727,6
728,1
729,5
730,3
731,1
732,0
733,3
734,6
735,0
736,5
737,7
738,0
739,2
740,4
741,7
742,5
743,8
744,3
745,3
746,2
747,5
748,8
749,9
750,0
751,0
752,6
753,4
754,5
755,4
756,5
757,5
758,8
759,3
760,6
761,5
762,9
763,0
764,8
765,9
766,0
767,6
768,7
769,8
770,9
771,1
772,1
773,8
774,5
775,2
776,1
777,5
778,8
779,3
780,1
781,4
782,7
783,3
784,0
785,1
786,2
787,9
788,9
789,9
790,2
791,9
792,4
793,9
794,5
795,8
796,2
797,2
798,7
799,7
800,1
801,4
802,3
803,6
804,2
805,8
806,0
807,5
808,5
809,3
810,1
811,6
812,6
813,2
814,2
815,9
816,0
817,1
818,1
819,5
820,6
821,4
822,8
823,2
824,6
825,9
826,2
827,5
828,3
829,3
830,4
831,9
832,6
833,5
834,5
835,8
836,6
837,4
838,8
839,5
840,6
841,3
842,3
843,2
844,2
845,5
846,4
847,4
848,2
849,1
850,2
851,1
852,6
853,9
854,4
855,6
856,3
857,9
858,3
859,1
860,3
861,4
862,9
863,7
864,5
865,2
866,6
867,6
868,5
869,1
870,4
871,7
872,1
873,1
874,6
875,8
876,5
877,2
878,6
879,7
880,7
881,5
882,3
883,9
884,5
885,0
886,2
887,5
888,2
889,4
890,8
891,0
892,1
893,1
894,6
895,6
896,4
897,9
898,2
899,4
900,0
901,8
902,4
903,2
904,2
905,8
906,3
907,7
908,3
909,1
910,5
911,7
912,1
913,4
914,8
915,3
916,8
917,6
918,5
919,2
920,9
921,1
922,1
923,6
924,1
925,9
926,2
927,4
928,7
929,7
930,8
931,9
932,6
933,5
934,6
935,9
936,0
937,7
938,0
939,0
940,3
941,3
942,9
943,2
944,2
945,8
946,2
947,4
948,7
949,8
950,4
951,5
952,1
953,6
954,5
955,8
956,9
957,7
958,5
959,1
960,3
961,7
962,4
963,3
964,4
965,6
966,9
967,7
968,0
969,0
970,1
971,7
972,3
973,5
974,5
975,8
976,0
977,7
978,9
979,1
980,1
981,3
982,6
983,5
984,3
985,5
986,1
987,5
988,8
989,7
990,4
991,6
992,0
993,4
994,4
995,2
996,3
997,7
998,4
999,9
1000,8
1001,0
1002,4
1003,3
1004,1
1005,8
1006,3
1007,6
1008,3
1009,1
1010,2
1011,6
1012,8
1013,6
1014,8
1015,1
1016,5
1017,4
1018,6
1019,4
1020,5
1021,3
1022,9
1023,7
1024,7
1025,8
1026,9
1027,2
1028,3
1029,1
1030,3
1031,8
1032,7
1033,4
1034,2
1035,5
1036,7
1037,6
1038,5
1039,2
1040,2
1041,6
1042,6
1043,5
1044,7
1045,5
1046,8
1047,1
1048,9
1049,4
1050,9
1051,8
1052,5
1053,3
1054,7
1055,2
1056,9
1057,2
1058,0
1059,7
1060,9
1061,4
1062,5
1063,7
1064,8
1065,9
1066,8
1067,1
1068,6
1069,2
1070,9
1071,8
1072,2
1073,2
1074,7
1075,3
1076,1
1077,2
1078,9
1079,2
1080,0
1081,7
1082,4
1083,6
1084,8
1085,7
1086,0
1087,0
1088,0
1089,9
1090,6
1091,8
1092,6
1093,0
1094,3
1095,0
1096,1
1097,6
1098,7
1099,2
1100,2
1101,7
1102,1
1103,6
1104,4
1105,5
1106,5
1107,5
1108,1
1109,8
1110,5
1111,6
1112,9
1113,0
1114,3
1115,2
1116,9
1117,4
1118,8
1119,3
1120,7
1121,6
1122,8
1123,8
1124,8
1125,4
1126,1
1127,1
1128,2
1129,5
1130,4
1131,6
1132,5
1133,4
1134,1
1135,3
1136,0
1137,7
1138,0
1139,5
1140,5
1141,6
1142,1
1143,8
1144,2
1145,9
1146,8
1147,7
1148,5
1149,4
1150,4
1151,9
1152,9
1153,0
1154,4
1155,9
1156,5
1157,3
1158,5
1159,8
1160,3
1161,3
1162,9
1163,3
1164,6
1165,0
1166,8
1167,0
1168,3
1169,5
1170,9
1171,9
1172,2
1173,5
1174,8
1175,3
1176,2
1177,4
1178,6
1179,7
1180,1
1181,0
1182,0
1183,0
1184,0
1185,1
1186,2
1187,1
1188,4
1189,5
1190,6
1191,0
1192,2
1193,5
1194,0
1195,0
1196,7
1197,3
1198,8
1199,0
1200,5
1201,6
1202,6
1203,3
1204,4
1205,9
1206,2
1207,8
1208,8
1209,8
1210,5
1211,2
1212,8
1213,9
1214,4
1215,3
1216,8
1217,5
1218,1
1219,6
1220,2
1221,5
1222,5
1223,9
1224,2
1225,5
1226,7
1227,6
1228,2
1229,9
1230,3
1231,3
1232,9
1233,9
1234,0
1235,2
1236,7
1237,2
1238,4
1239,1
1240,6
1241,3
1242,7
1243,0
1244,0
1245,2
1246,0
1247,4
1248,7
1249,9
1250,9
1251,5
1252,3
1253,3
1254,3
1255,8
1256,6
1257,4
1258,2
1259,4
1260,2
1261,0
1262,4
1263,5
1264,1
1265,8
1266,4
1267,6
1268,0
1269,7
1270,9
1271,6
1272,9
1273,6
1274,9
1275,1
1276,1
1277,3
1278,7
1279,4
1280,4
1281,6
1282,6
1283,0
1284,8
1285,2
1286,4
1287,9
1288,7
1289,4
1290,7
1291,9
1292,3
1293,9
1294,2
1295,6
1296,5
1297,8
1298,8
1299,9
1300,5
1301,9
1302,9
1303,8
1304,1
1305,6
1306,6
1307,9
1308,7
1309,9
1310,2
1311,7
1312,5
1313,4
1314,0
1315,0
1316,6
1317,8
1318,7
1319,5
1320,4
1321,0
1322,0
1323,3
1324,0
1325,4
1326,4
1327,2
1328,1
1329,8
1330,2
1331,5
1332,6
1333,3
1334,6
1335,5
1336,4
1337,1
1338,1
1339,3
1340,1
1341,2
1342,4
1343,4
1344,0
1345,6
1346,3
1347,9
1348,5
1349,4
1350,7
1351,1
1352,1
1353,1
1354,7
1355,7
1356,2
1357,8
1358,4
1359,6
1360,4
1361,8
1362,5
1363,5
1364,1
1365,4
1366,9
1367,1
1368,7
1369,3
1370,6
1371,2
1372,6
1373,3
1374,8
1375,4
1376,8
1377,8
1378,7
1379,0
1380,5
1381,7
1382,8
1383,4
1384,8
1385,4
1386,4
1387,0
1388,2
1389,2
1390,3
1391,2
1392,1
1393,7
1394,2
1395,6
1396,8
1397,9
1398,8
1399,9
1400,8
1401,8
1402,1
1403,5
1404,7
1405,2
1406,6
1407,0
1408,3
1409,7
1410,3
1411,4
1412,1
1413,5
1414,1
1415,2
1416,4
1417,0
1418,8
1419,5
1420,9
1421,5
1422,3
1423,7
1424,8
1425,3
1426,9
1427,5
1428,8
1429,7
1430,8
1431,2
1432,9
1433,2
1434,3
1435,4
1436,4
1437,9
1438,2
1439,1
1440,5
1441,1
1442,4
1443,7
1444,8
1445,8
1446,4
1447,2
1448,3
1449,3
1450,7
1451,4
1452,1
1453,0
1454,4
1455,0
1456,3
1457,5
1458,9
1459,8
1460,5
1461,2
1462,6
1463,2
1464,5
1465,8
1466,5
1467,2
1468,4
1469,8
1470,6
1471,6
1472,3
1473,2
1474,4
1475,1
1476,3
1477,9
1478,0
1479,4
1480,3
1481,3
1482,1
1483,4
1484,2
1485,3
1486,6
1487,7
1488,9
1489,6
1490,4
1491,9
1492,4
1493,2
1494,5
1495,1
1496,7
1497,3
1498,6
1499,0
1500,9
1501,4
1502,3
1503,4
1504,3
1505,4
1506,0
1507,3
1508,1
1509,0
1510,5
1511,9
1512,6
1513,4
1514,8
1515,3
1516,6
1517,0
1518,7
1519,0
1520,6
1521,2
1522,7
1523,5
1524,7
1525,5
1526,0
1527,4
1528,2
1529,7
1530,8
1531,0
1532,1
1533,2
1534,3
1535,2
1536,9
1537,8
1538,7
1539,8
1540,2
1541,5
1542,2
1543,5
1544,3
1545,4
1546,4
1547,5
1548,4
1549,4
1550,8
1551,2
1552,0
1553,5
1554,4
1555,2
1556,4
1557,1
1558,9
1559,5
1560,0
1561,4
1562,7
1563,9
1564,4
1565,3
1566,4
1567,1
1568,4
1569,6
1570,1
1571,5
1572,9
1573,9
1574,8
1575,3
1576,3
1577,4
1578,2
1579,0
1580,7
1581,3
1582,1
1583,1
1584,4
1585,9
1586,4
1587,7
1588,2
1589,9
1590,2
1591,5
1592,6
1593,3
1594,4
1595,5
1596,8
1597,4
1598,0
1599,9
1600,7
1601,5
1602,8
1603,1
1604,7
1605,2
1606,0
1607,1
1608,3
1609,1
1610,9
1611,6
1612,9
1613,0
1614,5
1615,5
1616,0
1617,9
1618,5
1619,0
1620,0
1621,4
1622,1
1623,5
1624,6
1625,7
1626,2
1627,2
1628,2
1629,4
1630,6
1631,9
1632,1
1633,5
1634,2
1635,5
1636,8
1637,0
1638,5
1639,6
1640,1
1641,9
1642,4
1643,6
1644,2
1645,0
1646,9
1647,2
1648,7
1649,8
1650,1
1651,9
1652,1
1653,1
1654,1
1655,6
1656,6
1657,0
1658,5
1659,7
1660,0
1661,7
1662,5
1663,6
1664,4
1665,3
1666,1
1667,9
1668,7
1669,4
1670,2
1671,9
1672,5
1673,6
1674,4
1675,4
1676,5
1677,3
1678,7
1679,3
1680,4
1681,1
1682,0
1683,0
1684,8
1685,5
1686,3
1687,8
1688,3
1689,7
1690,7
1691,8
1692,2
1693,2
1694,1
1695,9
1696,9
1697,5
1698,5
1699,2
1700,9
1701,4
1702,1
1703,9
1704,2
1705,6
1706,5
1707,4
1708,6
1709,2
1710,6
1711,5
1712,1
1713,9
1714,2
1715,1
1716,6
1717,7
1718,4
1719,4
1720,4
1721,7
1722,8
1723,0
1724,5
1725,5
1726,3
1727,5
1728,5
1729,0
1730,5
1731,8
1732,5
1733,6
1734,7
1735,4
1736,0
1737,3
1738,5
1739,0
1740,4
1741,3
1742,3
1743,1
1744,4
1745,6
1746,4
1747,9
1748,1
1749,9
1750,1
1751,2
1752,1
1753,8
1754,5
1755,9
1756,0
1757,7
1758,0
1759,6
1760,7
1761,3
1762,6
1763,4
1764,6
1765,6
1766,1
1767,1
1768,4
1769,6
1770,5
1771,5
1772,9
1773,8
1774,4
1775,1
1776,8
1777,5
1778,3
1779,2
1780,0
1781,8
1782,8
1783,0
1784,1
1785,9
1786,4
1787,7
1788,4
1789,2
1790,5
1791,3
1792,2
1793,0
1794,5
1795,6
1796,2
1797,9
1798,0
1799,9
1800,1
1801,8
1802,8
1803,1
1804,7
1805,9
1806,7
1807,0
1808,1
1809,0
1810,1
1811,9
1812,8
1813,0
1814,8
1815,7
1816,1
1817,9
1818,9
1819,3
1820,4
1821,9
1822,7
1823,8
1824,9
1825,5
1826,8
1827,5
1828,4
1829,7
1830,9
1831,7
1832,5
1833,6
1834,0
1835,6
1836,5
1837,1
1838,2
1839,6
1840,3
1841,0
1842,7
1843,4
1844,9
1845,7
1846,4
1847,8
1848,3
1849,8
1850,8
1851,8
1852,0
1853,5
1854,7
1855,1
1856,1
1857,0
1858,0
1859,7
1860,7
1861,2
1862,3
1863,9
1864,1
1865,7
1866,0
1867,4
1868,3
1869,9
1870,1
1871,6
1872,8
1873,0
1874,3
1875,6
1876,1
1877,9
1878,1
1879,0
1880,4
1881,2
1882,2
1883,4
1884,4
1885,7
1886,2
1887,8
1888,5
1889,5
1890,9
1891,6
1892,0
1893,9
1894,5
1895,9
1896,3
1897,5
1898,4
1899,8
1900,3
1901,9
1902,4
1903,5
1904,0
1905,6
1906,0
1907,6
1908,2
1909,5
1910,6
1911,1
1912,9
1913,4
1914,0
1915,4
1916,1
1917,8
1918,5
1919,7
1920,2
1921,8
1922,0
1923,0
1924,6
1925,9
1926,5
1927,8
1928,0
1929,1
1930,0
1931,1
1932,7
1933,2
1934,4
1935,2
1936,7
1937,5
1938,8
1939,2
1940,9
1941,8
1942,7
1943,9
1944,5
1945,9
1946,5
1947,3
1948,1
1949,6
1950,5
1951,2
1952,2
1953,9
1954,2
1955,3
1956,4
1957,2
1958,4
1959,4
1960,0
1961,1
1962,1
1963,0
1964,4
1965,4
1966,4
1967,8
1968,8
1969,8
1970,9
1971,3
1972,4
1973,7
1974,2
1975,1
1976,0
1977,0
1978,0
1979,7
1980,6
1981,2
1982,3
1983,4
1984,9
1985,7
1986,9
1987,2
1988,9
1989,3
1990,6
1991,7
1992,1
1993,8
1994,5
1995,7
1996,8
1997,2
1998,0
1999,0
2000,0
2001,3
2002,8
2003,6
2004,6
2005,0
2006,1
2007,2
2008,7
2009,6
2010,2
2011,0
2012,5
2013,7
2014,1
2015,8
2016,3
2017,8
2018,5
2019,1
2020,8
2021,9
2022,4
2023,8
2024,2
2025,9
2026,5
2027,6
2028,9
2029,3
2030,2
2031,2
2032,0
2033,7
2034,4
2035,9
2036,8
2037,1
2038,6
2039,1
2040,4
2041,7
2042,3
2043,0
2044,7
2045,8
2046,6
2047,0
2048,0
2049,1
2050,4
2051,4
2052,0
2053,7
2054,1
2055,1
2056,7
2057,2
2058,0
2059,2
2060,9
2061,6
2062,7
2063,5
2064,9
2065,5
2066,9
2067,2
2068,0
2069,2
2070,9
2071,0
2072,1
2073,8
2074,4
2075,2
2076,2
2077,3
2078,9
2079,3
2080,4
2081,2
2082,8
2083,8
2084,9
2085,5
2086,8
2087,2
2088,2
2089,1
2090,4
2091,7
2092,0
2093,3
2094,4
2095,9
2096,8
2097,1
2098,0
2099,5
2100,8
2101,0
2102,4
2103,1
2104,0
2105,4
2106,9
2107,4
2108,7
2109,9
2110,5
2111,9
2112,7
2113,1
2114,8
2115,2
2116,4
2117,5
2118,3
2119,9
2120,1
2121,9
2122,1
2123,7
2124,4
2125,1
2126,2
2127,0
2128,4
2129,8
2130,5
2131,1
2132,5
2133,8
2134,2
2135,4
2136,0
2137,2
2138,4
2139,8
2140,2
2141,0
2142,6
2143,2
2144,9
2145,5
2146,1
2147,6
2148,8
2149,4
2150,7
2151,8
2152,1
2153,8
2154,2
2155,0
2156,0
2157,1
2158,9
2159,0
2160,0
2161,9
2162,7
2163,6
2164,3
2165,1
2166,8
2167,2
2168,2
2169,9
2170,4
2171,4
2172,1
2173,4
2174,7
2175,5
2176,4
2177,8
2178,1
2179,8
2180,2
2181,9
2182,2
2183,8
2184,8
2185,4
2186,0
2187,9
2188,3
2189,5
2190,4
2191,9
2192,2
2193,2
2194,0
2195,1
2196,3
2197,0
2198,5
2199,5
2200,3
2201,9
2202,7
2203,6
2204,0
2205,5
2206,1
2207,5
2208,0
2209,8
2210,9
2211,3
2212,2
2213,7
2214,3
2215,7
2216,3
2217,8
2218,1
2219,1
2220,2
2221,9
2222,5
2223,7
2224,5
2225,2
2226,9
2227,2
2228,2
2229,4
2230,3
2231,9
2232,6
2233,9
2234,8
2235,1
2236,5
2237,4
2238,5
2239,5
2240,7
2241,6
2242,9
2243,0
2244,8
2245,0
2246,8
2247,7
2248,9
2249,3
2250,7
2251,5
2252,4
2253,1
2254,2
2255,6
2256,8
2257,0
2258,8
2259,5
2260,2
2261,2
2262,7
2263,0
2264,3
2265,8
2266,3
2267,3
2268,4
2269,2
2270,2
2271,6
2272,3
2273,8
2274,3
2275,9
2276,3
2277,9
2278,9
2279,0
2280,3
2281,9
2282,8
2283,2
2284,8
2285,6
2286,5
2287,8
2288,8
2289,9
2290,8
2291,2
2292,4
2293,3
2294,3
2295,7
2296,9
2297,7
2298,5
2299,1
2300,7
2301,0
2302,0
2303,6
2304,2
2305,8
2306,4
2307,8
2308,8
2309,5
2310,2
2311,1
2312,3
2313,1
2314,7
2315,6
2316,4
2317,2
2318,1
2319,6
2320,3
2321,8
2322,7
2323,2
2324,6
2325,0
2326,9
2327,2
2328,0
2329,1
2330,5
2331,0
2332,9
2333,9
2334,7
2335,3
2336,1
2337,9
2338,0
2339,8
2340,2
2341,2
2342,1
2343,0
2344,0
2345,0
2346,8
2347,1
2348,6
2349,0
2350,5
2351,3
2352,1
2353,3
2354,7
2355,2
2356,8
2357,5
2358,1
2359,6
2360,6
2361,0
2362,9
2363,8
2364,0
2365,7
2366,9
2367,3
2368,7
2369,4
2370,0
2371,4
2372,3
2373,4
2374,7
2375,2
2376,6
2377,1
2378,1
2379,1
2380,6
2381,2
2382,8
2383,7
2384,9
2385,6
2386,7
2387,6
2388,2
2389,5
2390,7
2391,3
2392,8
2393,9
2394,4
2395,7
2396,8
2397,7
2398,2
2399,7
2400,0
2401,4
2402,9
2403,5
2404,0
2405,4
2406,4
2407,1
2408,2
2409,6
2410,0
2411,0
2412,6
2413,6
2414,5
2415,2
2416,3
2417,4
2418,1
2419,1
2420,6
2421,8
2422,9
2423,8
2424,2
2425,5
2426,3
2427,2
2428,5
2429,0
2430,7
2431,4
2432,1
2433,3
2434,9
2435,9
2436,9
2437,0
2438,9
2439,7
2440,4
2441,8
2442,7
2443,9
2444,5
2445,9
2446,8
2447,8
2448,5
2449,2
2450,7
2451,3
2452,3
2453,2
2454,8
2455,7
2456,2
2457,3
2458,0
2459,5
2460,4
2461,2
2462,5
2463,4
2464,2
2465,9
2466,6
2467,7
2468,7
2469,8
2470,0
2471,0
2472,5
2473,3
2474,2
2475,3
2476,0
2477,3
2478,4
2479,2
2480,2
2481,0
2482,8
2483,6
2484,6
2485,5
2486,3
2487,6
2488,7
2489,7
2490,2
2491,4
2492,4
2493,9
2494,5
2495,1
2496,5
2497,9
2498,2
2499,1
2500,3
2501,3
2502,9
2503,9
2504,2
2505,0
2506,5
2507,1
2508,6
2509,3
2510,3
2511,0
2512,1
2513,8
2514,1
2515,0
2516,3
2517,0
2518,4
2519,1
2520,1
2521,3
2522,8
2523,7
2524,5
2525,2
2526,8
2527,6
2528,4
2529,9
2530,0
2531,0
2532,1
2533,8
2534,8
2535,1
2536,6
2537,4
2538,1
2539,4
2540,2
2541,3
2542,8
2543,4
2544,6
2545,6
2546,0
2547,0
2548,8
2549,4
2550,8
2551,5
2552,7
2553,4
2554,2
2555,4
2556,8
2557,0
2558,7
2559,0
2560,7
2561,3
2562,2
2563,8
2564,9
2565,4
2566,2
2567,9
2568,9
2569,0
2570,4
2571,7
2572,1
2573,1
2574,5
2575,9
2576,4
2577,5
2578,4
2579,7
2580,7
2581,0
2582,9
2583,7
2584,0
2585,2
2586,5
2587,9
2588,1
2589,6
2590,5
2591,7
2592,1
2593,8
2594,8
2595,5
2596,9
2597,5
2598,9
2599,5
2600,8
2601,5
2602,2
2603,3
2604,2
2605,6
2606,4
2607,7
2608,2
2609,0
2610,7
2611,8
2612,4
2613,8
2614,9
2615,9
2616,8
2617,2
2618,8
2619,8
2620,2
2621,5
2622,0
2623,9
2624,7
2625,6
2626,2
2627,6
2628,0
2629,0
2630,2
2631,3
2632,1
2633,7
2634,8
2635,6
2636,2
2637,4
2638,8
2639,5
2640,6
2641,6
2642,4
2643,4
2644,3
2645,9
2646,6
2647,2
2648,2
2649,9
2650,9
2651,1
2652,8
2653,2
2654,0
2655,8
2656,9
2657,3
2658,6
2659,8
2660,8
2661,3
2662,9
2663,0
2664,9
2665,4
2666,8
2667,4
2668,2
2669,0
2670,2
2671,6
2672,1
2673,5
2674,7
2675,0
2676,8
2677,9
2678,3
2679,0
2680,2
2681,9
2682,1
2683,6
2684,9
2685,3
2686,1
2687,6
2688,9
2689,6
2690,5
2691,9
2692,7
2693,0
2694,6
2695,7
2696,9
2697,2
2698,8
2699,4
2700,1
2701,3
2702,9
2703,8
2704,7
2705,8
2706,6
2707,9
2708,6
2709,3
2710,5
2711,1
2712,6
2713,7
2714,8
2715,8
2716,4
2717,5
2718,2
2719,8
2720,4
2721,8
2722,9
2723,6
2724,9
2725,8
2726,2
2727,9
2728,9
2729,1
2730,0
2731,6
2732,0
2733,4
2734,9
2735,9
2736,4
2737,7
2738,8
2739,0
2740,3
2741,3
2742,1
2743,3
2744,2
2745,7
2746,8
2747,7
2748,6
2749,5
2750,2
2751,4
2752,0
2753,8
2754,3
2755,8
2756,2
2757,9
2758,1
2759,8
2760,3
2761,0
2762,1
2763,1
2764,0
2765,3
2766,8
2767,1
2768,7
2769,0
2770,3
2771,2
2772,7
2773,0
2774,6
2775,5
2776,8
2777,5
2778,5
2779,0
2780,7
2781,0
2782,2
2783,3
2784,1
2785,4
2786,0
2787,4
2788,3
2789,9
2790,5
2791,6
2792,1
2793,5
2794,1
2795,4
2796,1
2797,8
2798,1
2799,0
2800,5
2801,5
2802,9
2803,1
2804,2
2805,7
2806,4
2807,5
2808,3
2809,0
2810,2
2811,4
2812,7
2813,0
2814,2
2815,5
2816,3
2817,4
2818,6
2819,8
2820,7
2821,2
2822,3
2823,7
2824,1
2825,7
2826,2
2827,4
2828,1
2829,9
2830,7
2831,8
2832,5
2833,1
2834,5
2835,5
2836,8
2837,0
2838,4
2839,6
2840,0
2841,4
2842,7
2843,6
2844,3
2845,9
2846,8
2847,8
2848,6
2849,2
2850,1
2851,1
2852,3
2853,2
2854,0
2855,6
2856,4
2857,2
2858,0
2859,6
2860,2
2861,8
2862,3
2863,9
2864,8
2865,2
2866,0
2867,3
2868,2
2869,1
2870,7
2871,0
2872,6
2873,1
2874,4
2875,0
2876,8
2877,9
2878,0
2879,9
2880,7
2881,3
2882,7
2883,3
2884,0
2885,6
2886,0
2887,6
2888,7
2889,2
2890,6
2891,9
2892,8
2893,5
2894,5
2895,3
2896,6
2897,5
2898,0
2899,3
2900,2
2901,2
2902,8
2903,1
2904,8
2905,2
2906,6
2907,8
2908,2
2909,3
2910,1
2911,9
2912,1
2913,8
2914,4
2915,1
2916,0
2917,5
2918,1
2919,9
2920,8
2921,2
2922,4
2923,3
2924,1
2925,5
2926,2
2927,0
2928,2
2929,4
2930,3
2931,2
2932,4
2933,0
2934,6
2935,3
2936,8
2937,3
2938,9
2939,3
2940,0
2941,4
2942,5
2943,4
2944,5
2945,0
2946,7
2947,2
2948,2
2949,7
2950,5
2951,2
2952,3
2953,3
2954,2
2955,2
2956,5
2957,6
2958,5
2959,7
2960,9
2961,9
2962,6
2963,8
2964,4
2965,8
2966,0
2967,5
2968,2
2969,4
2970,5
2971,1
2972,0
2973,6
2974,7
2975,1
2976,7
2977,2
2978,5
2979,4
2980,9
2981,8
2982,5
2983,6
2984,5
2985,6
2986,5
2987,6
2988,0
2989,5
2990,9
2991,1
2992,8
2993,6
2994,8
2995,7
2996,9
2997,3
2998,8
2999,4
3000,9
3001,2
3002,4
3003,1
3004,8
3005,8
3006,3
3007,1
3008,5
3009,8
3010,7
3011,7
3012,7
3013,8
3014,5
3015,8
3016,4
3017,2
3018,5
3019,0
3020,5
3021,1
3022,2
3023,0
3024,6
3025,0
3026,2
3027,8
3028,7
3029,6
3030,7
3031,9
3032,2
3033,7
3034,7
3035,0
3036,6
3037,2
3038,3
3039,1
3040,8
3041,4
3042,0
3043,6
3044,5
3045,9
3046,6
3047,1
3048,2
3049,6
3050,7
3051,0
3052,9
3053,0
3054,8
3055,1
3056,1
3057,0
3058,5
3059,7
3060,1
3061,6
3062,1
3063,5
3064,8
3065,0
3066,7
3067,3
3068,6
3069,3
3070,6
3071,9
3072,6
3073,5
3074,0
3075,1
3076,7
3077,8
3078,6
3079,9
3080,6
3081,1
3082,8
3083,5
3084,4
3085,6
3086,0
3087,0
3088,2
3089,0
3090,4
3091,0
3092,1
3093,7
3094,1
3095,1
3096,7
3097,4
3098,7
3099,6
3100,2
3101,9
3102,5
3103,8
3104,9
3105,6
3106,2
3107,8
3108,3
3109,6
3110,8
3111,1
3112,1
3113,4
3114,5
3115,1
3116,3
3117,2
3118,2
3119,6
3120,0
3121,9
3122,3
3123,6
3124,7
3125,9
3126,2
3127,5
3128,6
3129,8
3130,2
3131,7
3132,6
3133,6
3134,7
3135,6
3136,7
3137,4
3138,9
3139,8
3140,8
3141,1
3142,9
3143,0
3144,8
3145,1
3146,1
3147,0
3148,9
3149,6
3150,6
3151,9
3152,9
3153,0
3154,9
3155,5
3156,9
3157,0
3158,3
3159,9
3160,1
3161,4
3162,1
3163,1
3164,0
3165,7
3166,9
3167,4
3168,6
3169,3
3170,8
3171,8
3172,8
3173,8
3174,1
3175,9
3176,7
3177,6
3178,0
3179,4
3180,5
3181,8
3182,2
3183,9
3184,5
3185,7
3186,7
3187,1
3188,1
3189,4
3190,9
3191,3
3192,5
3193,0
3194,0
3195,4
3196,8
3197,8
3198,4
3199,9
3200,4
3201,4
3202,9
3203,6
3204,3
3205,5
3206,7
3207,3
3208,0
3209,3
3210,7
3211,0
3212,3
3213,3
3214,6
3215,3
3216,7
3217,8
3218,0
3219,1
3220,3
3221,3
3222,5
3223,5
3224,5
3225,2
3226,1
3227,5
3228,5
3229,2
3230,8
3231,9
3232,4
3233,7
3234,0
3235,2
3236,5
3237,7
3238,5
3239,8
3240,1
3241,0
3242,9
3243,1
3244,5
3245,7
3246,1
3247,0
3248,0
3249,7
3250,7
3251,0
3252,5
3253,3
3254,7
3255,5
3256,5
3257,2
3258,2
3259,5
3260,5
3261,0
3262,7
3263,4
3264,1
3265,8
3266,9
3267,9
3268,7
3269,3
3270,0
3271,0
3272,4
3273,7
3274,8
3275,3
3276,2
3277,6
3278,8
3279,4
3280,5
3281,6
3282,4
3283,3
3284,1
3285,8
3286,5
3287,5
3288,1
3289,9
3290,2
3291,0
3292,5
3293,4
3294,2
3295,2
3296,0
3297,2
3298,6
3299,1
3300,1
3301,0
3302,1
3303,9
3304,3
3305,8
3306,7
3307,9
3308,4
3309,9
3310,0
3311,0
3312,4
3313,8
3314,4
3315,2
3316,9
3317,0
3318,9
3319,6
3320,7
3321,8
3322,9
3323,6
3324,6
3325,4
3326,1
3327,5
3328,2
3329,6
3330,0
3331,3
3332,9
3333,9
3334,1
3335,5
3336,5
3337,8
3338,3
3339,5
3340,5
3341,5
3342,1
3343,1
3344,4
3345,7
3346,7
3347,1
3348,8
3349,4
3350,3
3351,9
3352,7
3353,9
3354,2
3355,6
3356,0
3357,8
3358,1
3359,3
3360,1
3361,1
3362,8
3363,0
3364,1
3365,4
3366,8
3367,7
3368,5
3369,9
3370,1
3371,3
3372,0
3373,3
3374,9
3375,4
3376,8
3377,7
3378,5
3379,7
3380,7
3381,5
3382,8
3383,6
3384,9
3385,8
3386,6
3387,1
3388,6
3389,0
3390,7
3391,4
3392,2
3393,7
3394,2
3395,8
3396,5
3397,6
3398,5
3399,7
3400,2
3401,3
3402,2
3403,9
3404,2
3405,9
3406,5
3407,2
3408,4
3409,8
3410,6
3411,5
3412,7
3413,5
3414,0
3415,2
3416,2
3417,9
3418,5
3419,2
3420,0
3421,7
3422,9
3423,1
3424,7
3425,9
3426,9
3427,2
3428,6
3429,7
3430,2
3431,2
3432,5
3433,7
3434,9
3435,7
3436,3
3437,0
3438,8
3439,5
3440,2
3441,5
3442,5
3443,2
3444,8
3445,8
3446,1
3447,1
3448,3
3449,5
3450,2
3451,9
3452,9
3453,5
3454,9
3455,6
3456,4
3457,9
3458,5
3459,8
3460,6
3461,0
3462,4
3463,1
3464,0
3465,8
3466,9
3467,2
3468,2
3469,6
3470,9
3471,7
3472,4
3473,5
3474,2
3475,8
3476,1
3477,7
3478,4
3479,2
3480,0
3481,9
3482,1
3483,0
3484,1
3485,9
3486,4
3487,6
3488,4
3489,2
3490,2
3491,4
3492,4
3493,0
3494,8
3495,5
3496,0
3497,8
3498,6
3499,8
3500,1
3501,1
3502,0
3503,7
3504,6
3505,7
3506,7
3507,9
3508,8
3509,3
3510,0
3511,6
3512,3
3513,5
3514,1
3515,6
3516,1
3517,3
3518,4
3519,9
3520,0
3521,8
3522,2
3523,3
3524,1
3525,9
3526,6
3527,1
3528,9
3529,1
3530,0
3531,3
3532,7
3533,5
3534,8
3535,8
3536,3
3537,0
3538,0
3539,9
3540,9
3541,4
3542,3
3543,5
3544,3
3545,8
3546,0
3547,8
3548,3
3549,7
3550,7
3551,6
3552,2
3553,2
3554,9
3555,0
3556,6
3557,0
3558,8
3559,8
3560,5
3561,9
3562,4
3563,9
3564,5
3565,5
3566,3
3567,6
3568,7
3569,8
3570,9
3571,9
3572,4
3573,3
3574,1
3575,7
3576,4
3577,6
3578,4
3579,8
3580,7
3581,9
3582,2
3583,6
3584,3
3585,7
3586,8
3587,9
3588,9
3589,5
3590,2
3591,6
3592,4
3593,9
3594,6
3595,0
3596,0
3597,1
3598,1
3599,8
3600,9
3601,7
3602,7
3603,9
3604,1
3605,9
3606,6
3607,3
3608,1
3609,6
3610,6
3611,3
3612,9
3613,2
3614,0
3615,8
3616,5
3617,6
3618,1
3619,4
3620,7
3621,1
3622,7
3623,7
3624,4
3625,6
3626,1
3627,7
3628,1
3629,3
3630,8
3631,3
3632,6
3633,4
3634,5
3635,6
3636,5
3637,5
3638,5
3639,5
3640,9
3641,0
3642,3
3643,6
3644,0
3645,9
3646,0
3647,2
3648,3
3649,1
3650,3
3651,8
3652,5
3653,4
3654,7
3655,9
3656,5
3657,4
3658,5
3659,7
3660,3
3661,7
3662,7
3663,8
3664,0
3665,2
3666,7
3667,6
3668,7
3669,9
3670,4
3671,4
3672,8
3673,8
3674,2
3675,4
3676,7
3677,3
3678,5
3679,2
3680,8
3681,2
3682,1
3683,4
3684,9
3685,6
3686,1
3687,7
3688,8
3689,3
3690,1
3691,8
3692,6
3693,8
3694,4
3695,6
3696,1
3697,5
3698,7
3699,3
3700,7
3701,9
3702,9
3703,3
3704,6
3705,8
3706,6
3707,9
3708,1
3709,1
3710,4
3711,3
3712,8
3713,8
3714,9
3715,8
3716,6
3717,5
3718,6
3719,0
3720,0
3721,3
3722,8
3723,7
3724,1
3725,7
3726,7
3727,4
3728,2
3729,6
3730,4
3731,0
3732,0
3733,2
3734,2
3735,6
3736,2
3737,4
3738,9
3739,6
3740,3
3741,6
3742,7
3743,1
3744,3
3745,5
3746,2
3747,2
3748,1
3749,8
3750,8
3751,8
3752,4
3753,6
3754,2
3755,8
3756,2
3757,7
3758,5
3759,5
3760,4
3761,3
3762,9
3763,1
3764,3
3765,1
3766,9
3767,2
3768,5
3769,7
3770,9
3771,4
3772,1
3773,8
3774,0
3775,4
3776,8
3777,5
3778,7
3779,2
3780,7
3781,0
3782,7
3783,4
3784,2
3785,6
3786,7
3787,4
3788,1
3789,4
3790,5
3791,8
3792,4
3793,7
3794,3
3795,2
3796,6
3797,5
3798,7
3799,6
3800,5
3801,3
3802,2
3803,9
3804,6
3805,6
3806,7
3807,0
3808,0
3809,6
3810,1
3811,8
3812,8
3813,1
3814,9
3815,2
3816,5
3817,0
3818,0
3819,2
3820,9
3821,2
3822,0
3823,7
3824,2
3825,6
3826,5
3827,5
3828,3
3829,6
3830,1
3831,5
3832,7
3833,2
3834,1
3835,4
3836,0
3837,9
3838,3
3839,2
3840,1
3841,7
3842,7
3843,6
3844,5
3845,9
3846,2
3847,6
3848,8
3849,1
3850,4
3851,7
3852,6
3853,0
3854,2
3855,7
3856,0
3857,7
3858,8
3859,6
3860,7
3861,0
3862,3
3863,0
3864,4
3865,5
3866,6
3867,7
3868,0
3869,2
3870,0
3871,8
3872,7
3873,3
3874,2
3875,8
3876,2
3877,7
3878,2
3879,5
3880,2
3881,2
3882,7
3883,2
3884,2
3885,5
3886,3
3887,5
3888,2
3889,2
3890,6
3891,1
3892,4
3893,6
3894,0
3895,2
3896,2
3897,6
3898,1
3899,5
3900,5
3901,5
3902,6
3903,6
3904,8
3905,4
3906,5
3907,9
3908,5
3909,8
3910,8
3911,6
3912,3
3913,4
3914,7
3915,3
3916,1
3917,5
3918,9
3919,4
3920,6
3921,3
3922,4
3923,7
3924,1
3925,3
3926,9
3927,4
3928,4
3929,8
3930,3
3931,0
3932,8
3933,6
3934,2
3935,9
3936,8
3937,2
3938,7
3939,0
3940,8
3941,4
3942,9
3943,0
3944,1
3945,5
3946,5
3947,5
3948,6
3949,0
3950,1
3951,7
3952,9
3953,7
3954,2
3955,1
3956,6
3957,9
3958,0
3959,7
3960,2
3961,3
3962,5
3963,0
3964,6
3965,7
3966,3
3967,4
3968,5
3969,2
3970,4
3971,9
3972,9
3973,1
3974,6
3975,9
3976,3
3977,1
3978,8
3979,1
3980,9
3981,0
3982,3
3983,5
3984,2
3985,8
3986,7
3987,9
3988,1
3989,1
3990,5
3991,0
3992,8
3993,1
3994,3
3995,0
3996,6
3997,9
3998,1
3999,2
4000,4
4001,7
4002,1
4003,4
4004,9
4005,0
4006,3
4007,9
4008,0
4009,1
4010,0
4011,1
4012,3
4013,2
4014,0
4015,2
4016,7
4017,4
4018,9
4019,2
4020,4
4021,9
4022,8
4023,2
4024,3
4025,5
4026,0
4027,4
4028,2
4029,3
4030,5
4031,6
4032,9
4033,8
4034,7
4035,6
4036,1
4037,0
4038,9
4039,2
4040,6
4041,1
4042,2
4043,9
4044,0
4045,7
4046,5
4047,1
4048,8
4049,6
4050,9
4051,5
4052,7
4053,7
4054,0
4055,6
4056,7
4057,5
4058,0
4059,7
4060,1
4061,2
4062,1
4063,3
4064,2
4065,0
4066,3
4067,6
4068,4
4069,4
4070,9
4071,1
4072,7
4073,5
4074,9
4075,2
4076,1
4077,5
4078,3
4079,1
4080,5
4081,8
4082,5
4083,6
4084,5
4085,8
4086,4
4087,9
4088,2
4089,6
4090,8
4091,1
4092,2
4093,7
4094,3
4095,9
4096,1
4097,8
4098,3
4099,5
4100,1
4101,7
4102,6
4103,6
4104,6
4105,6
4106,0
4107,5
4108,9
4109,4
4110,3
4111,7
4112,4
4113,8
4114,9
4115,0
4116,0
4117,6
4118,8
4119,0
4120,2
4121,7
4122,0
4123,9
4124,4
4125,8
4126,5
4127,7
4128,6
4129,6
4130,4
4131,7
4132,5
4133,3
4134,9
4135,2
4136,0
4137,4
4138,2
4139,4
4140,9
4141,6
4142,4
4143,0
4144,0
4145,6
4146,7
4147,7
4148,0
4149,5
4150,2
4151,2
4152,1
4153,6
4154,6
4155,6
4156,5
4157,9
4158,8
4159,4
4160,7
4161,7
4162,3
4163,4
4164,4
4165,6
4166,7
4167,4
4168,6
4169,1
4170,3
4171,5
4172,5
4173,0
4174,4
4175,1
4176,5
4177,8
4178,9
4179,8
4180,3
4181,9
4182,7
4183,8
4184,6
4185,1
4186,3
4187,5
4188,4
4189,4
4190,5
4191,4
4192,2
4193,2
4194,1
4195,0
4196,8
4197,6
4198,4
4199,7
4200,4
4201,4
4202,8
4203,5
4204,9
4205,2
4206,5
4207,7
4208,3
4209,3
4210,5
4211,4
4212,1
4213,4
4214,4
4215,8
4216,2
4217,3
4218,4
4219,7
4220,5
4221,7
4222,1
4223,3
4224,3
4225,6
4226,2
4227,5
4228,3
4229,2
4230,4
4231,9
4232,7
4233,1
4234,8
4235,1
4236,1
4237,6
4238,3
4239,3
4240,5
4241,8
4242,9
4243,7
4244,1
4245,9
4246,5
4247,7
4248,9
4249,4
4250,3
4251,6
4252,3
4253,7
4254,5
4255,9
4256,8
4257,5
4258,0
4259,0
4260,2
4261,0
4262,6
4263,4
4264,9
4265,5
4266,2
4267,8
4268,1
4269,8
4270,9
4271,7
4272,8
4273,5
4274,8
4275,7
4276,2
4277,5
4278,3
4279,1
4280,0
4281,9
4282,3
4283,1
4284,1
4285,3
4286,2
4287,3
4288,6
4289,9
4290,0
4291,0
4292,9
4293,1
4294,3
4295,0
4296,8
4297,7
4298,9
4299,0
4300,1
4301,5
4302,4
4303,2
4304,2
4305,4
4306,5
4307,0
4308,4
4309,1
4310,6
4311,3
4312,0
4313,2
4314,7
4315,7
4316,7
4317,5
4318,2
4319,3
4320,7
4321,3
4322,0
4323,6
4324,3
4325,4
4326,8
4327,9
4328,7
4329,7
4330,8
4331,1
4332,5
4333,0
4334,8
4335,7
4336,2
4337,1
4338,6
4339,8
4340,9
4341,9
4342,6
4343,2
4344,2
4345,7
4346,3
4347,5
4348,5
4349,0
4350,4
4351,9
4352,4
4353,8
4354,3
4355,5
4356,0
4357,6
4358,6
4359,8
4360,7
4361,6
4362,7
4363,0
4364,8
4365,0
4366,9
4367,9
4368,5
4369,1
4370,9
4371,4
4372,6
4373,3
4374,2
4375,9
4376,8
4377,5
4378,8
4379,6
4380,0
4381,3
4382,7
4383,3
4384,8
4385,3
4386,8
4387,3
4388,9
4389,8
4390,3
4391,4
4392,9
4393,6
4394,9
4395,2
4396,4
4397,9
4398,5
4399,5
4400,8
4401,1
4402,4
4403,2
4404,4
4405,4
4406,2
4407,5
4408,9
4409,3
4410,1
4411,1
4412,0
4413,9
4414,9
4415,8
4416,5
4417,6
4418,2
4419,5
4420,9
4421,8
4422,5
4423,4
4424,3
4425,4
4426,5
4427,7
4428,2
4429,2
4430,7
4431,3
4432,2
4433,3
4434,3
4435,8
4436,2
4437,6
4438,7
4439,3
4440,3
4441,9
4442,2
4443,0
4444,8
4445,4
4446,0
4447,5
4448,3
4449,7
4450,8
4451,3
4452,4
4453,8
4454,8
4455,4
4456,4
4457,8
4458,5
4459,3
4460,9
4461,6
4462,8
4463,2
4464,7
4465,1
4466,2
4467,8
4468,1
4469,1
4470,0
4471,6
4472,3
4473,7
4474,4
4475,8
4476,6
4477,0
4478,8
4479,1
4480,5
4481,6
4482,1
4483,5
4484,3
4485,6
4486,8
4487,7
4488,6
4489,9
4490,2
4491,0
4492,4
4493,8
4494,5
4495,4
4496,6
4497,6
4498,0
4499,9
4500,3
4501,3
4502,7
4503,2
4504,6
4505,8
4506,2
4507,7
4508,2
4509,0
4510,8
4511,2
4512,6
4513,1
4514,7
4515,6
4516,8
4517,5
4518,7
4519,5
4520,3
4521,4
4522,6
4523,9
4524,0
4525,1
4526,5
4527,8
4528,8
4529,5
4530,9
4531,3
4532,7
4533,1
4534,2
4535,6
4536,0
4537,0
4538,5
4539,7
4540,4
4541,7
4542,1
4543,9
4544,4
4545,3
4546,5
4547,4
4548,4
4549,4
4550,1
4551,3
4552,3
4553,5
4554,0
4555,8
4556,7
4557,1
4558,0
4559,5
4560,4
4561,9
4562,0
4563,1
4564,9
4565,0
4566,7
4567,8
4568,5
4569,9
4570,2
4571,2
4572,2
4573,4
4574,5
4575,6
4576,4
4577,8
4578,7
4579,1
4580,0
4581,8
4582,9
4583,3
4584,6
4585,4
4586,4
4587,4
4588,0
4589,6
4590,6
4591,3
4592,2
4593,4
4594,8
4595,5
4596,5
4597,4
4598,7
4599,5
4600,1
4601,8
4602,7
4603,4
4604,8
4605,4
4606,5
4607,9
4608,4
4609,2
4610,7
4611,2
4612,1
4613,6
4614,1
4615,9
4616,2
4617,9
4618,4
4619,1
4620,4
4621,8
4622,2
4623,9
4624,8
4625,3
4626,5
4627,5
4628,5
4629,8
4630,3
4631,5
4632,2
4633,8
4634,3
4635,6
4636,9
4637,4
4638,4
4639,0
4640,6
4641,5
4642,6
4643,6
4644,0
4645,7
4646,3
4647,0
4648,6
4649,6
4650,2
4651,1
4652,8
4653,5
4654,0
4655,0
4656,1
4657,1
4658,3
4659,6
4660,5
4661,7
4662,2
4663,2
4664,8
4665,3
4666,8
4667,3
4668,5
4669,7
4670,6
4671,8
4672,0
4673,2
4674,9
4675,6
4676,5
4677,0
4678,4
4679,3
4680,1
4681,8
4682,2
4683,7
4684,3
4685,4
4686,2
4687,0
4688,9
4689,5
4690,9
4691,9
4692,0
4693,5
4694,7
4695,5
4696,2
4697,2
4698,3
4699,2
4700,7
4701,1
4702,2
4703,9
4704,8
4705,4
4706,4
4707,9
4708,6
4709,4
4710,4
4711,8
4712,0
4713,3
4714,3
4715,1
4716,3
4717,7
4718,8
4719,0
4720,4
4721,9
4722,2
4723,6
4724,2
4725,6
4726,8
4727,2
4728,7
4729,8
4730,2
4731,8
4732,8
4733,6
4734,3
4735,5
4736,0
4737,9
4738,9
4739,0
4740,1
4741,1
4742,5
4743,8
4744,8
4745,7
4746,6
4747,9
4748,9
4749,9
4750,7
4751,9
4752,7
4753,6
4754,8
4755,5
4756,8
4757,0
4758,1
4759,4
4760,6
4761,9
4762,4
4763,5
4764,9
4765,1
4766,6
4767,4
4768,4
4769,1
4770,3
4771,5
4772,4
4773,3
4774,1
4775,6
4776,6
4777,1
4778,0
4779,8
4780,7
4781,6
4782,9
4783,1
4784,5
4785,0
4786,6
4787,1
4788,9
4789,0
4790,5
4791,1
4792,0
4793,4
4794,9
4795,2
4796,0
4797,2
4798,2
4799,1
4800,2
4801,8
4802,2
4803,8
4804,8
4805,5
4806,5
4807,9
4808,7
4809,7
4810,2
4811,6
4812,6
4813,6
4814,7
4815,1
4816,3
4817,5
4818,1
4819,8
4820,6
4821,8
4822,3
4823,6
4824,8
4825,7
4826,5
4827,9
4828,9
4829,4
4830,3
4831,4
4832,4
4833,7
4834,1
4835,3
4836,9
4837,1
4838,2
4839,1
4840,6
4841,0
4842,4
4843,4
4844,0
4845,9
4846,2
4847,3
4848,4
4849,4
4850,0
4851,1
4852,8
4853,8
4854,1
4855,2
4856,4
4857,0
4858,2
4859,0
4860,1
4861,8
4862,7
4863,4
4864,2
4865,1
4866,5
4867,5
4868,7
4869,4
4870,0
4871,0
4872,6
4873,5
4874,1
4875,1
4876,8
4877,5
4878,7
4879,9
4880,5
4881,7
4882,6
4883,5
4884,9
4885,0
4886,4
4887,3
4888,1
4889,8
4890,3
4891,9
4892,6
4893,8
4894,4
4895,4
4896,6
4897,5
4898,8
4899,0
4900,4
4901,2
4902,3
4903,1
4904,3
4905,3
4906,4
4907,3
4908,2
4909,6
4910,9
4911,1
4912,4
4913,8
4914,9
4915,1
4916,0
4917,6
4918,0
4919,2
4920,1
4921,9
4922,0
4923,5
4924,3
4925,7
4926,0
4927,2
4928,4
4929,1
4930,8
4931,2
4932,1
4933,8
4934,8
4935,7
4936,9
4937,9
4938,8
4939,2
4940,8
4941,8
4942,0
4943,5
4944,3
4945,9
4946,6
4947,8
4948,4
4949,4
4950,5
4951,1
4952,3
4953,7
4954,5
4955,8
4956,9
4957,0
4958,3
4959,2
4960,5
4961,5
4962,8
4963,3
4964,7
4965,3
4966,5
4967,2
4968,1
4969,3
4970,1
4971,1
4972,1
4973,5
4974,1
4975,6
4976,3
4977,9
4978,3
4979,6
4980,9
4981,2
4982,2
4983,4
4984,7
4985,8
4986,5
4987,7
4988,4
4989,7
4990,5
4991,3
4992,4
4993,4
4994,1
4995,3
4996,5
4997,0
4998,0
4999,4
5000,8
5001,5
5002,2
5003,9
5004,5
5005,3
5006,4
5007,0
5008,0
5009,5
5010,7
5011,4
5012,9
5013,0
5014,4
5015,7
5016,4
5017,1
5018,8
5019,3
5020,9
5021,4
5022,0
5023,1
5024,9
5025,6
5026,7
5027,9
5028,0
5029,9
5030,7
5031,2
5032,0
5033,2
5034,9
5035,1
5036,8
5037,5
5038,3
5039,9
5040,1
5041,4
5042,2
5043,3
5044,0
5045,0
5046,0
5047,5
5048,9
5049,0
5050,3
5051,6
5052,5
5053,0
5054,5
5055,6
5056,0
5057,6
5058,4
5059,7
5060,4
5061,4
5062,1
5063,1
5064,2
5065,1
5066,6
5067,3
5068,9
5069,3
5070,0
5071,2
5072,0
5073,7
5074,0
5075,4
5076,6
5077,1
5078,8
5079,2
5080,2
5081,3
5082,3
5083,0
5084,2
5085,7
5086,8
5087,4
5088,2
5089,8
5090,1
5091,1
5092,3
5093,5
5094,3
5095,3
5096,6
5097,6
5098,4
5099,7
5100,3
5101,9
5102,8
5103,4
5104,8
5105,6
5106,4
5107,6
5108,4
5109,6
5110,5
5111,9
5112,9
5113,8
5114,3
5115,7
5116,5
5117,7
5118,7
5119,1
5120,7
5121,9
5122,2
5123,0
5124,2
5125,1
5126,1
5127,6
5128,4
5129,1
5130,2
5131,7
5132,5
5133,2
5134,4
5135,5
5136,4
5137,3
5138,1
5139,6
5140,6
5141,1
5142,9
5143,6
5144,6
5145,7
5146,9
5147,8
5148,9
5149,9
5150,0
5151,2
5152,1
5153,0
5154,5
5155,6
5156,2
5157,5
5158,4
5159,5
5160,8
5161,1
5162,8
5163,9
5164,1
5165,1
5166,9
5167,0
5168,7
5169,7
5170,0
5171,4
5172,3
5173,8
5174,3
5175,8
5176,1
5177,4
5178,6
5179,0
5180,2
5181,5
5182,5
5183,8
5184,0
5185,5
5186,0
5187,7
5188,3
5189,6
5190,7
5191,0
5192,0
5193,6
5194,2
5195,1
5196,6
5197,0
5198,7
5199,8
5200,6
5201,6
5202,2
5203,2
5204,5
5205,3
5206,3
5207,7
5208,8
5209,1
5210,6
5211,1
5212,5
5213,7
5214,3
5215,7
5216,1
5217,8
5218,3
5219,6
5220,6
5221,2
5222,2
5223,4
5224,5
5225,0
5226,4
5227,6
5228,7
5229,3
5230,0
5231,4
5232,5
5233,3
5234,2
5235,5
5236,4
5237,8
5238,6
5239,4
5240,6
5241,8
5242,0
5243,4
5244,3
5245,6
5246,8
5247,5
5248,1
5249,4
5250,8
5251,3
5252,9
5253,3
5254,8
5255,4
5256,6
5257,7
5258,3
5259,6
5260,2
5261,8
5262,5
5263,1
5264,6
5265,9
5266,5
5267,9
5268,7
5269,9
5270,2
5271,6
5272,0
5273,6
5274,7
5275,8
5276,8
5277,2
5278,3
5279,1
5280,3
5281,3
5282,8
5283,6
5284,6
5285,9
5286,3
5287,4
5288,2
5289,2
5290,3
5291,3
5292,2
5293,2
5294,1
5295,0
5296,2
5297,5
5298,3
5299,8
5300,1
5301,9
5302,5
5303,2
5304,2
5305,3
5306,5
5307,5
5308,2
5309,5
5310,0
5311,8
5312,3
5313,7
5314,8
5315,2
5316,2
5317,9
5318,1
5319,5
5320,8
5321,8
5322,7
5323,1
5324,8
5325,9
5326,4
5327,3
5328,6
5329,4
5330,1
5331,9
5332,7
5333,5
5334,6
5335,2
5336,2
5337,4
5338,1
5339,8
5340,2
5341,2
5342,5
5343,1
5344,8
5345,4
5346,9
5347,3
5348,2
5349,8
5350,8
5351,1
5352,1
5353,7
5354,0
5355,1
5356,9
5357,4
5358,5
5359,1
5360,4
5361,3
5362,6
5363,1
5364,9
5365,5
5366,5
5367,2
5368,9
5369,4
5370,5
5371,2
5372,3
5373,7
5374,0
5375,7
5376,7
5377,4
5378,6
5379,4
5380,2
5381,4
5382,7
5383,5
5384,3
5385,9
5386,0
5387,5
5388,1
5389,3
5390,4
5391,4
5392,1
5393,7
5394,2
5395,4
5396,5
5397,6
5398,5
5399,2
5400,6
5401,3
5402,2
5403,2
5404,0
5405,1
5406,8
5407,3
5408,4
5409,5
5410,3
5411,0
5412,2
5413,7
5414,0
5415,2
5416,0
5417,3
5418,3
5419,5
5420,2
5421,0
5422,8
5423,9
5424,7
5425,4
5426,4
5427,9
5428,0
5429,6
5430,4
5431,2
5432,9
5433,7
5434,6
5435,3
5436,4
5437,5
5438,1
5439,5
5440,8
5441,5
5442,9
5443,9
5444,7
5445,4
5446,0
5447,6
5448,5
5449,4
5450,2
5451,9
5452,2
5453,9
5454,5
5455,3
5456,3
5457,5
5458,8
5459,4
5460,8
5461,5
5462,1
5463,7
5464,3
5465,4
5466,1
5467,9
5468,5
5469,9
5470,3
5471,0
5472,1
5473,0
5474,2
5475,0
5476,2
5477,8
5478,9
5479,7
5480,7
5481,3
5482,4
5483,8
5484,7
5485,6
5486,7
5487,0
5488,1
5489,0
5490,4
5491,8
5492,4
5493,8
5494,2
5495,7
5496,1
5497,2
5498,9
5499,0
5500,5
5501,1
5502,4
5503,7
5504,5
5505,4
5506,5
5507,2
5508,6
5509,9
5510,7
5511,6
5512,4
5513,3
5514,4
5515,2
5516,6
5517,8
5518,9
5519,8
5520,0
5521,3
5522,6
5523,9
5524,3
5525,4
5526,2
5527,2
5528,8
5529,3
5530,8
5531,3
5532,8
5533,0
5534,2
5535,9
5536,1
5537,2
5538,9
5539,2
5540,1
5541,1
5542,1
5543,4
5544,9
5545,7
5546,1
5547,1
5548,2
5549,0
5550,2
5551,9
5552,0
5553,5
5554,1
5555,5
5556,6
5557,1
5558,4
5559,4
5560,6
5561,0
5562,6
5563,2
5564,2
5565,3
5566,0
5567,5
5568,4
5569,3
5570,0
5571,9
5572,7
5573,5
5574,5
5575,7
5576,2
5577,2
5578,6
5579,6
5580,7
5581,8
5582,2
5583,3
5584,3
5585,2
5586,9
5587,1
5588,0
5589,7
5590,3
5591,3
5592,5
5593,7
5594,6
5595,3
5596,9
5597,3
5598,3
5599,0
5600,8
5601,1
5602,9
5603,9
5604,1
5605,2
5606,1
5607,7
5608,0
5609,7
5610,9
5611,6
5612,2
5613,4
5614,1
5615,0
5616,2
5617,9
5618,7
5619,4
5620,1
5621,7
5622,2
5623,8
5624,9
5625,8
5626,2
5627,8
5628,4
5629,1
5630,1
5631,3
5632,4
5633,8
5634,0
5635,6
5636,4
5637,5
5638,6
5639,0
5640,3
5641,4
5642,6
5643,3
5644,5
5645,7
5646,0
5647,6
5648,2
5649,2
5650,0
5651,4
5652,9
5653,9
5654,4
5655,4
5656,2
5657,5
5658,1
5659,5
5660,8
5661,6
5662,2
5663,6
5664,7
5665,8
5666,1
5667,7
5668,2
5669,8
5670,7
5671,5
5672,7
5673,2
5674,9
5675,9
5676,2
5677,2
5678,7
5679,1
5680,6
5681,0
5682,7
5683,9
5684,8
5685,2
5686,2
5687,4
5688,5
5689,0
5690,7
5691,1
5692,4
5693,1
5694,8
5695,4
5696,9
5697,8
5698,0
5699,8
5700,4
5701,4
5702,1
5703,0
5704,8
5705,8
5706,7
5707,5
5708,8
5709,7
5710,6
5711,1
5712,2
5713,3
5714,1
5715,1
5716,3
5717,2
5718,8
5719,3
5720,5
5721,4
5722,2
5723,3
5724,4
5725,7
5726,6
5727,5
5728,3
5729,8
5730,5
5731,6
5732,4
5733,3
5734,5
5735,7
5736,2
5737,1
5738,1
5739,1
5740,9
5741,1
5742,4
5743,2
5744,3
5745,9
5746,4
5747,2
5748,7
5749,3
5750,6
5751,8
5752,6
5753,7
5754,8
5755,7
5756,3
5757,7
5758,5
5759,5
5760,3
5761,9
5762,9
5763,5
5764,0
5765,2
5766,3
5767,9
5768,2
5769,3
5770,6
5771,4
5772,2
5773,0
5774,3
5775,8
5776,8
5777,1
5778,4
5779,8
5780,4
5781,1
5782,9
5783,0
5784,0
5785,3
5786,5
5787,7
5788,4
5789,7
5790,6
5791,1
5792,1
5793,9
5794,2
5795,8
5796,6
5797,3
5798,8
5799,2
5800,3
5801,5
5802,6
5803,6
5804,3
5805,1
5806,3
5807,4
5808,1
5809,7
5810,5
5811,4
5812,5
5813,1
5814,0
5815,3
5816,6
5817,3
5818,6
5819,6
5820,3
5821,8
5822,5
5823,5
5824,9
5825,9
5826,2
5827,2
5828,9
5829,2
5830,3
5831,4
5832,8
5833,9
5834,6
5835,8
5836,7
5837,8
5838,5
5839,9
5840,5
5841,5
5842,9
5843,5
5844,2
5845,0
5846,0
5847,9
5848,1
5849,0
5850,0
5851,6
5852,3
5853,1
5854,9
5855,8
5856,7
5857,6
5858,5
5859,2
5860,7
5861,0
5862,9
5863,8
5864,2
5865,2
5866,7
5867,3
5868,4
5869,0
5870,5
5871,7
5872,5
5873,2
5874,1
5875,3
5876,7
5877,0
5878,0
5879,0
5880,1
5881,8
5882,4
5883,5
5884,5
5885,6
5886,3
5887,4
5888,5
5889,2
5890,2
5891,6
5892,9
5893,2
5894,9
5895,0
5896,8
5897,7
5898,0
5899,5
5900,8
5901,2
5902,1
5903,5
5904,2
5905,3
5906,8
5907,2
5908,9
5909,9
5910,1
5911,6
5912,5
5913,0
5914,6
5915,6
5916,6
5917,2
5918,8
5919,1
5920,0
5921,0
5922,8
5923,3
5924,6
5925,3
5926,4
5927,3
5928,0
5929,8
5930,9
5931,3
5932,0
5933,9
5934,5
5935,7
5936,5
5937,5
5938,0
5939,2
5940,9
5941,9
5942,7
5943,1
5944,3
5945,4
5946,9
5947,3
5948,0
5949,1
5950,6
5951,0
5952,1
5953,3
5954,7
5955,7
5956,3
5957,7
5958,4
5959,1
5960,9
5961,7
5962,3
5963,5
5964,1
5965,5
5966,3
5967,2
5968,3
5969,8
5970,2
5971,3
5972,8
5973,9
5974,4
5975,2
5976,8
5977,4
5978,0
5979,1
5980,6
5981,2
5982,2
5983,5
5984,3
5985,6
5986,1
5987,8
5988,7
5989,6
5990,2
5991,1
5992,6
5993,4
5994,7
5995,5
5996,8
5997,4
5998,6
5999,2
6000,0
6001,8
6002,0
6003,7
6004,1
6005,7
6006,3
6007,2
6008,3
6009,8
6010,4
6011,0
6012,8
6013,6
6014,0
6015,5
6016,4
6017,7
6018,6
6019,9
6020,9
6021,7
6022,8
6023,7
6024,0
6025,7
6026,3
6027,0
6028,2
6029,5
6030,1
6031,5
6032,0
6033,9
6034,0
6035,6
6036,7
6037,1
6038,9
6039,5
6040,7
6041,9
6042,5
6043,7
6044,7
6045,3
6046,0
6047,4
6048,6
6049,5
6050,8
6051,3
6052,4
6053,2
6054,8
6055,6
6056,3
6057,6
6058,7
6059,8
6060,5
6061,6
6062,3
6063,2
6064,7
6065,6
6066,1
6067,6
6068,9
6069,2
6070,7
6071,8
6072,2
6073,7
6074,6
6075,8
6076,5
6077,4
6078,2
6079,2
6080,6
6081,2
6082,1
6083,1
6084,7
6085,2
6086,3
6087,7
6088,8
6089,2
6090,7
6091,5
6092,0
6093,4
6094,7
6095,4
6096,4
6097,4
6098,3
6099,4
6100,6
6101,7
6102,3
6103,8
6104,9
6105,4
6106,7
6107,6
6108,7
6109,7
6110,0
6111,8
6112,8
6113,1
6114,9
6115,2
6116,8
6117,1
6118,3
6119,2
6120,9
6121,6
6122,4
6123,3
6124,3
6125,0
6126,3
6127,4
6128,7
6129,7
6130,2
6131,7
6132,0
6133,2
6134,6
6135,7
6136,1
6137,1
6138,9
6139,7
6140,1
6141,0
6142,2
6143,7
6144,0
6145,0
6146,5
6147,4
6148,0
6149,8
6150,9
6151,7
6152,0
6153,5
6154,5
6155,1
6156,3
6157,6
6158,4
6159,3
6160,6
6161,3
6162,8
6163,1
6164,0
6165,4
6166,6
6167,5
6168,0
6169,5
6170,4
6171,8
6172,6
6173,7
6174,6
6175,3
6176,7
6177,5
6178,8
6179,6
6180,5
6181,9
6182,6
6183,5
6184,4
6185,8
6186,4
6187,4
6188,6
6189,9
6190,5
6191,8
6192,2
6193,1
6194,7
6195,4
6196,5
6197,9
6198,2
6199,4
6200,2
6201,6
6202,3
6203,6
6204,3
6205,2
6206,7
6207,6
6208,6
6209,9
6210,0
6211,7
6212,4
6213,0
6214,6
6215,3
6216,9
6217,0
6218,4
6219,0
6220,5
6221,2
6222,6
6223,8
6224,6
6225,7
6226,2
6227,0
6228,9
6229,6
6230,0
6231,1
6232,5
6233,6
6234,9
6235,2
6236,3
6237,7
6238,6
6239,1
6240,8
6241,1
6242,7
6243,4
6244,9
6245,7
6246,4
6247,0
6248,4
6249,0
6250,8
6251,4
6252,7
6253,4
6254,7
6255,2
6256,6
6257,9
6258,3
6259,2
6260,4
6261,9
6262,4
6263,3
6264,7
6265,2
6266,8
6267,3
6268,4
6269,9
6270,4
6271,5
6272,8
6273,8
6274,4
6275,1
6276,7
6277,6
6278,2
6279,5
6280,8
6281,5
6282,5
6283,4
6284,3
6285,3
6286,0
6287,0
6288,3
6289,5
6290,2
6291,4
6292,6
6293,3
6294,8
6295,8
6296,2
6297,7
6298,4
6299,5
6300,7
6301,0
6302,6
6303,7
6304,7
6305,8
6306,5
6307,4
6308,4
6309,1
6310,4
6311,9
6312,3
6313,9
6314,6
6315,1
6316,8
6317,1
6318,9
6319,0
6320,5
6321,6
6322,0
6323,5
6324,6
6325,5
6326,4
6327,6
6328,9
6329,7
6330,0
6331,2
6332,8
6333,5
6334,1
6335,6
6336,2
6337,5
6338,6
6339,2
6340,6
6341,1
6342,7
6343,0
6344,3
6345,0
6346,6
6347,2
6348,4
6349,0
6350,5
6351,4
6352,8
6353,2
6354,7
6355,9
6356,6
6357,5
6358,3
6359,4
6360,2
6361,2
6362,7
6363,7
6364,2
6365,7
6366,6
6367,2
6368,6
6369,9
6370,0
6371,6
6372,9
6373,2
6374,7
6375,8
6376,6
6377,7
6378,3
6379,0
6380,3
6381,2
6382,0
6383,7
6384,3
6385,2
6386,5
6387,4
6388,6
6389,1
6390,3
6391,4
6392,7
6393,3
6394,1
6395,2
6396,1
6397,3
6398,3
6399,6
6400,2
6401,6
6402,7
6403,3
6404,9
6405,7
6406,2
6407,3
6408,2
6409,3
6410,8
6411,6
6412,4
6413,7
6414,3
6415,0
6416,0
6417,3
6418,1
6419,2
6420,9
6421,3
6422,7
6423,5
6424,7
6425,3
6426,5
6427,0
6428,2
6429,8
6430,2
6431,4
6432,9
6433,1
6434,7
6435,1
6436,5
6437,8
6438,5
6439,4
6440,4
6441,4
6442,7
6443,4
6444,5
6445,3
6446,5
6447,8
6448,7
6449,6
6450,6
6451,2
6452,7
6453,8
6454,3
6455,9
6456,6
6457,0
6458,9
6459,5
6460,6
6461,6
6462,2
6463,4
6464,0
6465,9
6466,4
6467,3
6468,1
6469,9
6470,5
6471,9
6472,8
6473,6
6474,3
6475,4
6476,1
6477,6
6478,1
6479,6
6480,1
6481,2
6482,6
6483,0
6484,2
6485,8
6486,0
6487,0
6488,5
6489,8
6490,1
6491,2
6492,1
6493,5
6494,9
6495,3
6496,6
6497,4
6498,4
6499,0
6500,7
6501,4
6502,7
6503,4
6504,9
6505,4
6506,9
6507,8
6508,6
6509,8
6510,0
6511,6
6512,6
6513,5
6514,3
6515,5
6516,5
6517,7
6518,0
6519,0
6520,4
6521,0
6522,8
6523,3
6524,5
6525,5
6526,7
6527,1
6528,1
6529,1
6530,8
6531,2
6532,3
6533,2
6534,1
6535,9
6536,7
6537,2
6538,6
6539,5
6540,9
6541,6
6542,5
6543,8
6544,1
6545,7
6546,1
6547,0
6548,1
6549,2
6550,3
6551,4
6552,9
6553,9
6554,0
6555,2
6556,4
6557,2
6558,4
6559,1
6560,4
6561,7
6562,0
6563,7
6564,9
6565,6
6566,5
6567,9
6568,8
6569,8
6570,5
6571,6
6572,2
6573,1
6574,6
6575,7
6576,5
6577,4
6578,4
6579,0
6580,9
6581,4
6582,0
6583,3
6584,7
6585,3
6586,3
6587,5
6588,7
6589,7
6590,7
6591,5
6592,0
6593,9
6594,0
6595,3
6596,6
6597,4
6598,2
6599,6
6600,5
6601,0
6602,5
6603,7
6604,8
6605,1
6606,3
6607,7
6608,0
6609,2
6610,0
6611,6
6612,6
6613,0
6614,8
6615,3
6616,7
6617,3
6618,7
6619,0
6620,8
6621,6
6622,6
6623,9
6624,4
6625,8
6626,3
6627,0
6628,3
6629,3
6630,2
6631,2
6632,5
6633,1
6634,9
6635,5
6636,9
6637,4
6638,7
6639,0
6640,1
6641,5
6642,0
6643,6
6644,7
6645,6
6646,1
6647,0
6648,1
6649,7
6650,1
6651,0
6652,2
6653,3
6654,5
6655,1
6656,8
6657,9
6658,6
6659,3
6660,6
6661,7
6662,8
6663,6
6664,9
6665,0
6666,4
6667,5
6668,9
6669,3
6670,8
6671,9
6672,0
6673,1
6674,1
6675,3
6676,9
6677,4
6678,3
6679,5
6680,8
6681,1
6682,2
6683,2
6684,2
6685,8
6686,7
6687,7
6688,0
6689,0
6690,4
6691,1
6692,2
6693,0
6694,8
6695,3
6696,7
6697,3
6698,1
6699,7
6700,4
6701,0
6702,7
6703,7
6704,9
6705,6
6706,6
6707,9
6708,3
6709,5
6710,2
6711,6
6712,5
6713,6
6714,5
6715,1
6716,9
6717,0
6718,3
6719,5
6720,2
6721,6
6722,6
6723,9
6724,9
6725,7
6726,1
6727,9
6728,0
6729,8
6730,6
6731,8
6732,6
6733,7
6734,0
6735,3
6736,3
6737,6
6738,8
6739,2
6740,6
6741,5
6742,9
6743,6
6744,8
6745,2
6746,3
6747,4
6748,3
6749,9
6750,9
6751,8
6752,2
6753,2
6754,2
6755,5
6756,6
6757,0
6758,6
6759,3
6760,4
6761,8
6762,3
6763,7
6764,8
6765,4
6766,4
6767,0
6768,7
6769,2
6770,0
6771,4
6772,1
6773,0
6774,3
6775,6
6776,6
6777,9
6778,6
6779,5
6780,6
6781,0
6782,2
6783,9
6784,6
6785,5
6786,4
6787,6
6788,3
6789,5
6790,2
6791,1
6792,3
6793,5
6794,3
6795,2
6796,2
6797,2
6798,6
6799,7
6800,9
6801,1
6802,9
6803,5
6804,9
6805,5
6806,8
6807,9
6808,3
6809,6
6810,7
6811,8
6812,8
6813,1
6814,2
6815,1
6816,7
6817,6
6818,7
6819,4
6820,9
6821,8
6822,5
6823,9
6824,5
6825,4
6826,2
6827,6
6828,1
6829,7
6830,3
6831,5
6832,0
6833,0
6834,9
6835,9
6836,4
6837,3
6838,4
6839,5
6840,1
6841,1
6842,7
6843,1
6844,1
6845,7
6846,2
6847,3
6848,2
6849,1
6850,1
6851,2
6852,7
6853,3
6854,6
6855,2
6856,9
6857,1
6858,1
6859,8
6860,6
6861,6
6862,6
6863,3
6864,8
6865,5
6866,5
6867,3
6868,8
6869,6
6870,5
6871,3
6872,1
6873,1
6874,2
6875,4
6876,2
6877,9
6878,1
6879,9
6880,1
6881,2
6882,1
6883,9
6884,0
6885,1
6886,2
6887,6
6888,1
6889,1
6890,2
6891,6
6892,6
6893,4
6894,2
6895,6
6896,6
6897,8
6898,4
6899,3
6900,8
6901,5
6902,3
6903,2
6904,2
6905,7
6906,2
6907,1
6908,0
6909,2
6910,5
6911,1
6912,2
6913,6
6914,2
6915,7
6916,6
6917,0
6918,1
6919,2
6920,8
6921,2
6922,4
6923,3
6924,4
6925,8
6926,8
6927,7
6928,2
6929,7
6930,7
6931,7
6932,4
6933,2
6934,7
6935,9
6936,2
6937,1
6938,6
6939,3
6940,3
6941,5
6942,8
6943,3
6944,0
6945,3
6946,0
6947,6
6948,5
6949,0
6950,4
6951,8
6952,4
6953,2
6954,5
6955,7
6956,8
6957,3
6958,5
6959,1
6960,9
6961,6
6962,2
6963,9
6964,8
6965,3
6966,5
6967,4
6968,0
6969,4
6970,2
6971,8
6972,8
6973,1
6974,1
6975,1
6976,6
6977,0
6978,0
6979,4
6980,8
6981,6
6982,5
6983,5
6984,2
6985,9
6986,3
6987,1
6988,9
6989,8
6990,1
6991,3
6992,5
6993,3
6994,5
6995,9
6996,1
6997,3
6998,2
6999,2
7000,6
7001,5
7002,6
7003,6
7004,4
7005,2
7006,7
7007,9
7008,2
7009,7
7010,5
7011,9
7012,2
7013,0
7014,2
7015,4
7016,8
7017,7
7018,7
7019,8
7020,8
7021,7
7022,9
7023,9
7024,2
7025,5
7026,7
7027,0
7028,1
7029,4
7030,5
7031,9
7032,3
7033,0
7034,5
7035,0
7036,4
7037,4
7038,1
7039,5
7040,2
7041,1
7042,3
7043,7
7044,2
7045,1
7046,3
7047,8
7048,7
7049,9
7050,8
7051,0
7052,9
7053,6
7054,6
7055,1
7056,1
7057,8
7058,0
7059,2
7060,6
7061,9
7062,6
7063,6
7064,9
7065,7
7066,8
7067,1
7068,1
7069,7
7070,1
7071,5
7072,2
7073,9
7074,9
7075,0
7076,2
7077,8
7078,2
7079,7
7080,1
7081,8
7082,5
7083,5
7084,5
7085,9
7086,5
7087,7
7088,4
7089,5
7090,2
7091,9
7092,3
7093,4
7094,2
7095,9
7096,0
7097,7
7098,1
7099,5
7100,4
7101,2
7102,1
7103,3
7104,5
7105,9
7106,2
7107,2
7108,2
7109,2
7110,4
7111,2
7112,7
7113,3
7114,7
7115,5
7116,9
7117,8
7118,3
7119,6
7120,6
7121,7
7122,6
7123,3
7124,4
7125,3
7126,5
7127,3
7128,8
7129,0
7130,9
7131,9
7132,9
7133,1
7134,8
7135,7
7136,7
7137,6
7138,8
7139,4
7140,8
7141,9
7142,8
7143,7
7144,5
7145,1
7146,4
7147,7
7148,5
7149,9
7150,9
7151,9
7152,6
7153,9
7154,3
7155,0
7156,2
7157,8
7158,5
7159,9
7160,4
7161,1
7162,4
7163,0
7164,9
7165,0
7166,2
7167,2
7168,1
7169,7
7170,1
7171,4
7172,5
7173,4
7174,6
7175,5
7176,2
7177,1
7178,3
7179,4
7180,7
7181,7
7182,7
7183,6
7184,4
7185,5
7186,1
7187,3
7188,4
7189,2
7190,0
7191,1
7192,8
7193,6
7194,4
7195,7
7196,7
7197,4
7198,2
7199,2
7200,8
7201,6
7202,2
7203,8
7204,3
7205,5
7206,4
7207,5
7208,0
7209,5
7210,0
7211,3
7212,2
7213,3
7214,3
7215,5
7216,3
7217,8
7218,4
7219,0
7220,2
7221,5
7222,4
7223,7
7224,4
7225,4
7226,1
7227,8
7228,2
7229,7
7230,3
7231,6
7232,7
7233,4
7234,8
7235,6
7236,1
7237,8
7238,9
7239,0
7240,5
7241,9
7242,7
7243,3
7244,4
7245,4
7246,0
7247,0
7248,9
7249,0
7250,6
7251,0
7252,4
7253,8
7254,5
7255,5
7256,4
7257,7
7258,3
7259,1
7260,8
7261,3
7262,9
7263,2
7264,1
7265,9
7266,9
7267,4
7268,9
7269,4
7270,7
7271,3
7272,8
7273,8
7274,0
7275,7
7276,0
7277,5
7278,9
7279,3
7280,7
7281,6
7282,0
7283,4
7284,4
7285,4
7286,3
7287,0
7288,0
7289,1
7290,9
7291,8
7292,9
7293,4
7294,7
7295,2
7296,9
7297,4
7298,9
7299,8
7300,7
7301,0
7302,7
7303,6
7304,6
7305,4
7306,1
7307,4
7308,0
7309,8
7310,3
7311,3
7312,8
7313,6
7314,8
7315,0
7316,6
7317,5
7318,6
7319,7
7320,6
7321,2
7322,9
7323,7
7324,5
7325,2
7326,2
7327,7
7328,3
7329,5
7330,9
7331,5
7332,0
7333,5
7334,5
7335,5
7336,9
7337,7
7338,3
7339,3
7340,0
7341,9
7342,7
7343,3
7344,4
7345,8
7346,2
7347,7
7348,3
7349,1
7350,7
7351,3
7352,5
7353,6
7354,7
7355,0
7356,0
7357,5
7358,9
7359,0
7360,7
7361,6
7362,4
7363,2
7364,8
7365,0
7366,7
7367,7
7368,6
7369,8
7370,7
7371,0
7372,6
7373,8
7374,8
7375,3
7376,7
7377,7
7378,0
7379,6
7380,0
7381,3
7382,3
7383,8
7384,2
7385,9
7386,3
7387,4
7388,3
7389,9
7390,3
7391,8
7392,2
7393,6
7394,6
7395,6
7396,6
7397,0
7398,8
7399,2
7400,2
7401,2
7402,0
7403,4
7404,1
7405,4
7406,0
7407,7
7408,4
7409,5
7410,8
7411,2
7412,9
7413,9
7414,1
7415,3
7416,6
7417,1
7418,0
7419,4
7420,7
7421,0
7422,4
7423,6
7424,2
7425,3
7426,0
7427,1
7428,6
7429,7
7430,2
7431,2
7432,7
7433,0
7434,2
7435,3
7436,2
7437,3
7438,7
7439,9
7440,8
7441,2
7442,4
7443,1
7444,5
7445,1
7446,5
7447,5
7448,7
7449,3
7450,4
7451,5
7452,7
7453,4
7454,5
7455,0
7456,0
7457,6
7458,1
7459,1
7460,0
7461,5
7462,1
7463,6
7464,3
7465,4
7466,9
7467,9
7468,3
7469,3
7470,0
7471,2
7472,7
7473,6
7474,8
7475,5
7476,4
7477,8
7478,4
7479,9
7480,7
7481,3
7482,2
7483,8
7484,2
7485,6
7486,3
7487,2
7488,8
7489,0
7490,5
7491,9
7492,1
7493,6
7494,1
7495,8
7496,4
7497,3
7498,2
7499,8
7500,2
7501,6
7502,2
7503,3
7504,9
7505,4
7506,1
7507,2
7508,6
7509,6
7510,0
7511,4
7512,3
7513,1
7514,0
7515,4
7516,7
7517,2
7518,8
7519,5
7520,3
7521,7
7522,2
7523,6
7524,7
7525,2
7526,1
7527,6
7528,2
7529,0
7530,8
7531,6
7532,6
7533,0
7534,0
7535,9
7536,2
7537,2
7538,4
7539,8
7540,6
7541,9
7542,2
7543,0
7544,9
7545,3
7546,4
7547,8
7548,3
7549,9
7550,6
7551,8
7552,7
7553,2
7554,4
7555,7
7556,5
7557,1
7558,3
7559,5
7560,5
7561,8
7562,1
7563,0
7564,9
7565,2
7566,8
7567,4
7568,9
7569,8
7570,1
7571,0
7572,3
7573,4
7574,7
7575,7
7576,6
7577,9
7578,2
7579,0
7580,7
7581,1
7582,4
7583,2
7584,7
7585,9
7586,1
7587,3
7588,0
7589,6
7590,4
7591,3
7592,5
7593,6
7594,4
7595,5
7596,0
7597,3
7598,0
7599,8
7600,2
7601,9
7602,0
7603,2
7604,4
7605,5
7606,7
7607,3
7608,9
7609,0
7610,0
7611,7
7612,4
7613,4
7614,5
7615,1
7616,8
7617,8
7618,4
7619,8
7620,6
7621,2
7622,3
7623,6
7624,8
7625,0
7626,6
7627,1
7628,0
7629,4
7630,1
7631,3
7632,0
7633,1
7634,8
7635,0
7636,2
7637,3
7638,7
7639,2
7640,9
7641,0
7642,5
7643,8
7644,8
7645,3
7646,3
7647,9
7648,5
7649,9
7650,5
7651,2
7652,1
7653,4
7654,2
7655,2
7656,4
7657,0
7658,8
7659,4
7660,5
7661,6
7662,9
7663,7
7664,3
7665,2
7666,4
7667,8
7668,8
7669,2
7670,9
7671,8
7672,5
7673,2
7674,6
7675,5
7676,6
7677,1
7678,2
7679,5
7680,4
7681,7
7682,4
7683,8
7684,9
7685,8
7686,0
7687,3
7688,2
7689,0
7690,0
7691,5
7692,8
7693,6
7694,4
7695,3
7696,4
7697,4
7698,5
7699,4
7700,3
7701,2
7702,7
7703,6
7704,9
7705,0
7706,5
7707,8
7708,9
7709,9
7710,1
7711,2
7712,0
7713,9
7714,4
7715,0
7716,2
7717,2
7718,5
7719,0
7720,7
7721,2
7722,3
7723,8
7724,3
7725,3
7726,1
7727,6
7728,9
7729,6
7730,7
7731,2
7732,9
7733,7
7734,0
7735,9
7736,5
7737,3
7738,8
7739,3
7740,8
7741,5
7742,3
7743,4
7744,5
7745,1
7746,1
7747,1
7748,9
7749,7
7750,1
7751,4
7752,4
7753,8
7754,8
7755,8
7756,8
7757,7
7758,3
7759,2
7760,4
7761,8
7762,2
7763,3
7764,5
7765,4
7766,6
7767,4
7768,4
7769,6
7770,5
7771,2
7772,6
7773,0
7774,6
7775,4
7776,3
7777,4
7778,7
7779,5
7780,0
7781,2
7782,2
7783,0
7784,6
7785,2
7786,6
7787,9
7788,0
7789,2
7790,2
7791,9
7792,6
7793,0
7794,6
7795,2
7796,6
7797,4
7798,7
7799,1
7800,5
7801,4
7802,2
7803,4
7804,2
7805,6
7806,4
7807,4
7808,7
7809,9
7810,2
7811,0
7812,1
7813,0
7814,6
7815,1
7816,6
7817,1
7818,3
7819,6
7820,9
7821,0
7822,7
7823,3
7824,5
7825,3
7826,7
7827,6
7828,6
7829,8
7830,5
7831,4
7832,0
7833,6
7834,9
7835,9
7836,1
7837,1
7838,8
7839,2
7840,2
7841,7
7842,2
7843,8
7844,9
7845,7
7846,3
7847,2
7848,0
7849,3
7850,3
7851,3
7852,9
7853,3
7854,9
7855,8
7856,1
7857,9
7858,1
7859,4
7860,6
7861,6
7862,7
7863,4
7864,8
7865,7
7866,2
7867,5
7868,5
7869,0
7870,0
7871,8
7872,5
7873,0
7874,7
7875,7
7876,0
7877,2
7878,6
7879,9
7880,4
7881,2
7882,4
7883,0
7884,1
7885,8
7886,0
7887,1
7888,0
7889,5
7890,5
7891,4
7892,9
7893,9
7894,9
7895,7
7896,1
7897,4
7898,2
7899,8
7900,5
7901,3
7902,3
7903,7
7904,4
7905,5
7906,5
7907,9
7908,6
7909,0
7910,0
7911,2
7912,6
7913,4
7914,4
7915,9
7916,0
7917,2
7918,3
7919,9
7920,9
